l,G_z,ruin,round,type,f_1
0.1,0.5,0.5,457.39,final,914.78
0.1,1,0.346,600.86,final,1736.59
0.1,1.5,0.279,659.59,final,2364.12
0.1,2,0.261,261.69,final,1002.64
0.1,2.5,0.237,270.51,final,1141.39
0.1,3,0.205,275.05,final,1341.71
0.1,3.5,0.181,287.54,final,1588.62
0.1,4,0.16,298.78,final,1867.38
0.1,4.5,0.142,301.6,final,2123.94
0.1,5,0.131,305.01,final,2328.32
0.1,5.5,0.113,301.3,final,2666.37
0.1,6,0.106,307.2,final,2898.11
0.1,6.5,0.096,297.7,final,3101.04
0.1,7,0.094,298.59,final,3176.49
0.1,7.5,0.085,296.6,final,3489.41
0.1,8,0.079,289.14,final,3660
0.1,8.5,0.073,291.41,final,3991.92
0.1,9,0.071,281.72,final,3967.89
0.2,0.5,0.459,143.17,final,311.92
0.2,1,0.339,175.38,final,517.35
0.2,1.5,0.274,193.87,final,707.55
0.2,2,0.205,70.41,final,343.46
0.2,2.5,0.191,73.03,final,382.36
0.2,3,0.172,74.12,final,430.93
0.2,3.5,0.16,75.35,final,470.94
0.2,4,0.15,75.66,final,504.4
0.2,4.5,0.146,77.95,final,533.9
0.2,5,0.135,77.29,final,572.52
0.2,5.5,0.123,80.85,final,657.32
0.2,6,0.113,79.99,final,707.88
0.2,6.5,0.112,80.06,final,714.82
0.2,7,0.1,82.54,final,825.4
0.2,7.5,0.094,85.44,final,908.94
0.2,8,0.09,82.05,final,911.67
0.2,8.5,0.083,82.4,final,992.77
0.2,9,0.079,86.17,final,1090.76
0.3,0.5,0.385,75.86,final,197.04
0.3,1,0.296,88,final,297.3
0.3,1.5,0.18,37.01,final,205.61
0.3,2,0.164,38.76,final,236.34
0.3,2.5,0.149,39.12,final,262.55
0.3,3,0.14,39.87,final,284.79
0.3,3.5,0.132,40.43,final,306.29
0.3,4,0.124,39.86,final,321.45
0.3,4.5,0.127,40.15,final,316.14
0.3,5,0.118,41.25,final,349.58
0.3,5.5,0.111,40.36,final,363.6
0.3,6,0.108,40.73,final,377.13
0.3,6.5,0.1,41.51,final,415.1
0.3,7,0.1,42.05,final,420.5
0.3,7.5,0.088,42.72,final,485.45
0.3,8,0.086,43.06,final,500.7
0.3,8.5,0.08,42.24,final,528
0.3,9,0.084,42.16,final,501.9
0.4,0.5,0.356,45.77,final,128.57
0.4,1,0.148,24.95,final,168.58
0.4,1.5,0.14,24.67,final,176.21
0.4,2,0.131,24.91,final,190.15
0.4,2.5,0.119,26.14,final,219.66
0.4,3,0.114,25.53,final,223.95
0.4,3.5,0.114,25.53,final,223.95
0.4,4,0.104,26,final,250
0.4,4.5,0.1,26.52,final,265.2
0.4,5,0.095,26.62,final,280.21
0.4,5.5,0.091,26.22,final,288.13
0.4,6,0.085,26.35,final,310
0.4,6.5,0.088,26.4,final,300
0.4,7,0.086,26.52,final,308.37
0.4,7.5,0.078,26.69,final,342.18
0.4,8,0.081,26.65,final,329.01
0.4,8.5,0.074,27.55,final,372.3
0.4,9,0.072,27.57,final,382.92
0.5,0.5,0.25,33.85,final,135.4
0.5,1,0.122,17.46,final,143.11
0.5,1.5,0.111,18.13,final,163.33
0.5,2,0.105,18.18,final,173.14
0.5,2.5,0.103,18.33,final,177.96
0.5,3,0.099,17.92,final,181.01
0.5,3.5,0.09,18,final,200
0.5,4,0.084,18.56,final,220.95
0.5,4.5,0.082,18.66,final,227.56
0.5,5,0.082,18.62,final,227.07
0.5,5.5,0.086,18.71,final,217.56
0.5,6,0.074,19,final,256.76
0.5,6.5,0.072,19.08,final,265
0.5,7,0.072,18.49,final,256.81
0.5,7.5,0.074,18.58,final,251.08
0.5,8,0.072,18.52,final,257.22
0.5,8.5,0.057,19.33,final,339.12
0.5,9,0.054,19.37,final,358.7
0.6,0.5,0.102,13.42,final,131.57
0.6,1,0.094,13.34,final,141.91
0.6,1.5,0.096,13.31,final,138.65
0.6,2,0.094,13.35,final,142.02
0.6,2.5,0.094,13.39,final,142.45
0.6,3,0.077,13.81,final,179.35
0.6,3.5,0.081,13.84,final,170.86
0.6,4,0.076,13.68,final,180
0.6,4.5,0.069,13.69,final,198.41
0.6,5,0.07,13.78,final,196.86
0.6,5.5,0.069,13.79,final,199.86
0.6,6,0.068,13.78,final,202.65
0.6,6.5,0.069,13.74,final,199.13
0.6,7,0.063,13.93,final,221.11
0.6,7.5,0.064,13.93,final,217.66
0.6,8,0.054,14.34,final,265.56
0.6,8.5,0.054,14.25,final,263.89
0.6,9,0.056,14.26,final,254.64
0.7,0.5,0.085,10.18,final,119.76
0.7,1,0.085,10.25,final,120.59
0.7,1.5,0.077,10.37,final,134.68
0.7,2,0.072,10.38,final,144.17
0.7,2.5,0.07,10.38,final,148.29
0.7,3,0.067,10.5,final,156.72
0.7,3.5,0.062,10.5,final,169.35
0.7,4,0.067,10.49,final,156.57
0.7,4.5,0.065,10.46,final,160.92
0.7,5,0.068,10.5,final,154.41
0.7,5.5,0.063,10.55,final,167.46
0.7,6,0.062,10.63,final,171.45
0.7,6.5,0.058,10.63,final,183.28
0.7,7,0.043,10.75,final,250
0.7,7.5,0.043,10.75,final,250
0.7,8,0.046,10.74,final,233.48
0.7,8.5,0.042,10.84,final,258.1
0.7,9,0.044,10.81,final,245.68
0.8,0.5,0.064,8.19,final,127.97
0.8,1,0.064,8.16,final,127.5
0.8,1.5,0.059,8.23,final,139.49
0.8,2,0.063,8.21,final,130.32
0.8,2.5,0.059,8.27,final,140.17
0.8,3,0.056,8.11,final,144.82
0.8,3.5,0.056,8.13,final,145.18
0.8,4,0.053,8.14,final,153.58
0.8,4.5,0.055,8.13,final,147.82
0.8,5,0.047,8.36,final,177.87
0.8,5.5,0.042,8.41,final,200.24
0.8,6,0.043,8.43,final,196.05
0.8,6.5,0.044,8.39,final,190.68
0.8,7,0.043,8.45,final,196.51
0.8,7.5,0.036,8.43,final,234.17
0.8,8,0.037,8.45,final,228.38
0.8,8.5,0.035,8.44,final,241.14
0.8,9,0.038,8.46,final,222.63
0.9,0.5,0.054,5.07,final,93.89
0.9,1,0.057,5.04,final,88.42
0.9,1.5,0.058,5.05,final,87.07
0.9,2,0.053,5.08,final,95.85
0.9,2.5,0.043,5.24,final,121.86
0.9,3,0.041,5.26,final,128.29
0.9,3.5,0.038,5.3,final,139.47
0.9,4,0.036,5.25,final,145.83
0.9,4.5,0.038,5.22,final,137.37
0.9,5,0.038,5.23,final,137.63
0.9,5.5,0.038,5.25,final,138.16
0.9,6,0.038,5.25,final,138.16
0.9,6.5,0.037,5.23,final,141.35
0.9,7,0.036,5.26,final,146.11
0.9,7.5,0.038,5.21,final,137.11
0.9,8,0.037,5.21,final,140.81
0.9,8.5,0.032,5.32,final,166.25
0.9,9,0.032,5.31,final,165.94
1,0.5,0.029,1,final,34.48
1,1,0.029,1,final,34.48
1,1.5,0.026,1,final,38.46
1,2,0.027,1,final,37.04
1,2.5,0.025,1,final,40
1,3,0.029,1,final,34.48
1,3.5,0.026,1,final,38.46
1,4,0.029,1,final,34.48
1,4.5,0.027,1,final,37.04
1,5,0.027,1,final,37.04
1,5.5,0.025,1,final,40
1,6,0.027,1,final,37.04
1,6.5,0.026,1,final,38.46
1,7,0.027,1,final,37.04
1,7.5,0.027,1,final,37.04
1,8,0.027,1,final,37.04
1,8.5,0.028,1,final,35.71
1,9,0.026,1,final,38.46
0.1,0.5,0.54,418.49,dozen,774.98
0.1,1,0.387,566.08,dozen,1462.74
0.1,1.5,0.279,671.91,dozen,2408.28
0.1,2,0.231,724.63,dozen,3136.93
0.1,2.5,0.183,760.38,dozen,4155.08
0.1,3,0.157,787.57,dozen,5016.37
0.1,3.5,0.135,817.06,dozen,6052.3
0.1,4,0.111,830.82,dozen,7484.86
0.1,4.5,0.106,839.12,dozen,7916.23
0.1,5,0.092,854.55,dozen,9288.59
0.1,5.5,0.085,865.48,dozen,10182.12
0.1,6,0.074,872.01,dozen,11783.92
0.1,6.5,0.07,879.13,dozen,12559
0.1,7,0.065,883.26,dozen,13588.62
0.1,7.5,0.059,890.14,dozen,15087.12
0.1,8,0.051,902.8,dozen,17701.96
0.1,8.5,0.053,899.6,dozen,16973.58
0.1,9,0.047,906.69,dozen,19291.28
0.2,0.5,0.536,123,dozen,229.48
0.2,1,0.371,167.02,dozen,450.19
0.2,1.5,0.294,190.39,dozen,647.59
0.2,2,0.251,199.49,dozen,794.78
0.2,2.5,0.203,216.63,dozen,1067.14
0.2,3,0.172,225.06,dozen,1308.49
0.2,3.5,0.151,230.99,dozen,1529.74
0.2,4,0.131,237.05,dozen,1809.54
0.2,4.5,0.118,240.08,dozen,2034.58
0.2,5,0.12,238.65,dozen,1988.75
0.2,5.5,0.1,245.97,dozen,2459.7
0.2,6,0.09,249.85,dozen,2776.11
0.2,6.5,0.086,250.11,dozen,2908.26
0.2,7,0.078,252.23,dozen,3233.72
0.2,7.5,0.076,254.06,dozen,3342.89
0.2,8,0.068,256.9,dozen,3777.94
0.2,8.5,0.065,256.15,dozen,3940.77
0.2,9,0.059,260.6,dozen,4416.95
0.3,0.5,0.562,54.96,dozen,97.79
0.3,1,0.376,78.84,dozen,209.68
0.3,1.5,0.325,85.18,dozen,262.09
0.3,2,0.233,97.57,dozen,418.76
0.3,2.5,0.202,101.69,dozen,503.42
0.3,3,0.188,104.33,dozen,554.95
0.3,3.5,0.158,107.33,dozen,679.3
0.3,4,0.142,110.45,dozen,777.82
0.3,4.5,0.124,112.39,dozen,906.37
0.3,5,0.114,113.98,dozen,999.82
0.3,5.5,0.099,116.11,dozen,1172.83
0.3,6,0.097,116.76,dozen,1203.71
0.3,6.5,0.092,117.81,dozen,1280.54
0.3,7,0.08,118.7,dozen,1483.75
0.3,7.5,0.072,120.64,dozen,1675.56
0.3,8,0.072,120.05,dozen,1667.36
0.3,8.5,0.073,120.25,dozen,1647.26
0.3,9,0.065,121.9,dozen,1875.38
0.4,0.5,0.504,35.72,dozen,70.87
0.4,1,0.328,49.04,dozen,149.51
0.4,1.5,0.276,53.33,dozen,193.22
0.4,2,0.259,54.85,dozen,211.78
0.4,2.5,0.183,60.31,dozen,329.56
0.4,3,0.161,62.3,dozen,386.96
0.4,3.5,0.143,63.73,dozen,445.66
0.4,4,0.139,63.78,dozen,458.85
0.4,4.5,0.128,65.13,dozen,508.83
0.4,5,0.113,66.07,dozen,584.69
0.4,5.5,0.095,67.35,dozen,708.95
0.4,6,0.094,67.48,dozen,717.87
0.4,6.5,0.085,68.38,dozen,804.47
0.4,7,0.077,69.34,dozen,900.52
0.4,7.5,0.077,68.81,dozen,893.64
0.4,8,0.074,69.09,dozen,933.65
0.4,8.5,0.071,70.11,dozen,987.46
0.4,9,0.069,69.91,dozen,1013.19
0.5,0.5,0.47,24.13,dozen,51.34
0.5,1,0.478,23.69,dozen,49.56
0.5,1.5,0.229,36.07,dozen,157.51
0.5,2,0.242,35.23,dozen,145.58
0.5,2.5,0.235,35.82,dozen,152.43
0.5,3,0.232,35.81,dozen,154.35
0.5,3.5,0.11,42.36,dozen,385.09
0.5,4,0.114,42.08,dozen,369.12
0.5,4.5,0.108,42.51,dozen,393.61
0.5,5,0.113,42,dozen,371.68
0.5,5.5,0.11,41.98,dozen,381.64
0.5,6,0.113,41.85,dozen,370.35
0.5,6.5,0.112,41.99,dozen,374.91
0.5,7,0.105,42.34,dozen,403.24
0.5,7.5,0.057,44.92,dozen,788.07
0.5,8,0.056,45.23,dozen,807.68
0.5,8.5,0.052,45.15,dozen,868.27
0.5,9,0.057,45.28,dozen,794.39
0.6,0.5,0.441,17.47,dozen,39.61
0.6,1,0.395,19.12,dozen,48.41
0.6,1.5,0.22,25.12,dozen,114.18
0.6,2,0.206,25.36,dozen,123.11
0.6,2.5,0.193,25.62,dozen,132.75
0.6,3,0.182,26.23,dozen,144.12
0.6,3.5,0.16,26.81,dozen,167.56
0.6,4,0.099,29.2,dozen,294.95
0.6,4.5,0.105,29.02,dozen,276.38
0.6,5,0.102,29.11,dozen,285.39
0.6,5.5,0.095,29.28,dozen,308.21
0.6,6,0.095,29.21,dozen,307.47
0.6,6.5,0.088,29.44,dozen,334.55
0.6,7,0.087,29.41,dozen,338.05
0.6,7.5,0.077,30.03,dozen,390
0.6,8,0.074,30.04,dozen,405.95
0.6,8.5,0.065,30.28,dozen,465.85
0.6,9,0.067,30.42,dozen,454.03
0.7,0.5,0.421,12.71,dozen,30.19
0.7,1,0.383,13.49,dozen,35.22
0.7,1.5,0.189,17.96,dozen,95.03
0.7,2,0.176,18.22,dozen,103.52
0.7,2.5,0.174,18.38,dozen,105.63
0.7,3,0.176,18.39,dozen,104.49
0.7,3.5,0.141,19.12,dozen,135.6
0.7,4,0.141,19.14,dozen,135.74
0.7,4.5,0.147,18.93,dozen,128.78
0.7,5,0.082,20.61,dozen,251.34
0.7,5.5,0.083,20.55,dozen,247.59
0.7,6,0.079,20.58,dozen,260.51
0.7,6.5,0.069,21.05,dozen,305.07
0.7,7,0.075,20.75,dozen,276.67
0.7,7.5,0.075,20.75,dozen,276.67
0.7,8,0.073,20.96,dozen,287.12
0.7,8.5,0.073,20.85,dozen,285.62
0.7,9,0.058,21.26,dozen,366.55
0.8,0.5,0.366,9.45,dozen,25.82
0.8,1,0.349,9.73,dozen,27.88
0.8,1.5,0.362,9.6,dozen,26.52
0.8,2,0.16,12.84,dozen,80.25
0.8,2.5,0.155,12.84,dozen,82.84
0.8,3,0.138,13.19,dozen,95.58
0.8,3.5,0.135,13.3,dozen,98.52
0.8,4,0.13,13.35,dozen,102.69
0.8,4.5,0.128,13.28,dozen,103.75
0.8,5,0.132,13.38,dozen,101.36
0.8,5.5,0.129,13.33,dozen,103.33
0.8,6,0.065,14.48,dozen,222.77
0.8,6.5,0.066,14.56,dozen,220.61
0.8,7,0.066,14.43,dozen,218.64
0.8,7.5,0.064,14.5,dozen,226.56
0.8,8,0.064,14.48,dozen,226.25
0.8,8.5,0.051,14.8,dozen,290.2
0.8,9,0.052,14.62,dozen,281.15
0.9,0.5,0.357,6.16,dozen,17.25
0.9,1,0.355,6.21,dozen,17.49
0.9,1.5,0.339,6.42,dozen,18.94
0.9,2,0.133,8.59,dozen,64.59
0.9,2.5,0.122,8.66,dozen,70.98
0.9,3,0.121,8.72,dozen,72.07
0.9,3.5,0.131,8.62,dozen,65.8
0.9,4,0.124,8.63,dozen,69.6
0.9,4.5,0.122,8.63,dozen,70.74
0.9,5,0.12,8.64,dozen,72
0.9,5.5,0.109,8.78,dozen,80.55
0.9,6,0.117,8.77,dozen,74.96
0.9,6.5,0.114,8.74,dozen,76.67
0.9,7,0.045,9.49,dozen,210.89
0.9,7.5,0.044,9.55,dozen,217.05
0.9,8,0.047,9.49,dozen,201.91
0.9,8.5,0.046,9.57,dozen,208.04
0.9,9,0.045,9.59,dozen,213.11
1,0.5,0.322,1,dozen,3.11
1,1,0.327,1,dozen,3.06
1,1.5,0.314,1,dozen,3.18
1,2,0.327,1,dozen,3.06
1,2.5,0.106,1.32,dozen,12.45
1,3,0.109,1.32,dozen,12.11
1,3.5,0.105,1.32,dozen,12.57
1,4,0.107,1.33,dozen,12.43
1,4.5,0.105,1.33,dozen,12.67
1,5,0.107,1.33,dozen,12.43
1,5.5,0.106,1.33,dozen,12.55
1,6,0.103,1.33,dozen,12.91
1,6.5,0.103,1.32,dozen,12.82
1,7,0.108,1.33,dozen,12.31
1,7.5,0.103,1.33,dozen,12.91
1,8,0.106,1.32,dozen,12.45
1,8.5,0.031,1.43,dozen,46.13
1,9,0.035,1.43,dozen,40.86
0.1,0.5,0.336,117.86,nine,350.77
0.1,1,0.283,129.28,nine,456.82
0.1,1.5,0.242,136.75,nine,565.08
0.1,2,0.203,144.09,nine,709.8
0.1,2.5,0.173,150.16,nine,867.98
0.1,3,0.158,153.52,nine,971.65
0.1,3.5,0.135,157.26,nine,1164.89
0.1,4,0.102,163.5,nine,1602.94
0.1,4.5,0.095,166.05,nine,1747.89
0.1,5,0.088,167.48,nine,1903.18
0.1,5.5,0.083,168.5,nine,2030.12
0.1,6,0.08,168.58,nine,2107.25
0.1,6.5,0.074,169.83,nine,2295
0.1,7,0.07,170.86,nine,2440.86
0.1,7.5,0.068,170.88,nine,2512.94
0.1,8,0.062,173.31,nine,2795.32
0.1,8.5,0.061,172.79,nine,2832.62
0.1,9,0.058,174.48,nine,3008.28
0.2,0.5,0.222,54.28,nine,244.5
0.2,1,0.205,55.45,nine,270.49
0.2,1.5,0.182,57.11,nine,313.79
0.2,2,0.168,58.28,nine,346.9
0.2,2.5,0.152,59.47,nine,391.25
0.2,3,0.148,60.15,nine,406.42
0.2,3.5,0.113,62.26,nine,550.97
0.2,4,0.119,62.03,nine,521.26
0.2,4.5,0.094,63.96,nine,680.43
0.2,5,0.091,64.08,nine,704.18
0.2,5.5,0.072,65.86,nine,914.72
0.2,6,0.071,65.96,nine,929.01
0.2,6.5,0.067,66.36,nine,990.45
0.2,7,0.07,65.94,nine,942
0.2,7.5,0.048,67.89,nine,1414.38
0.2,8,0.045,68.25,nine,1516.67
0.2,8.5,0.039,68.52,nine,1756.92
0.2,9,0.04,68.28,nine,1707
0.3,0.5,0.163,33.87,nine,207.79
0.3,1,0.15,34.5,nine,230
0.3,1.5,0.144,34.89,nine,242.29
0.3,2,0.126,35.57,nine,282.3
0.3,2.5,0.123,35.76,nine,290.73
0.3,3,0.098,36.78,nine,375.31
0.3,3.5,0.097,36.85,nine,379.9
0.3,4,0.1,36.83,nine,368.3
0.3,4.5,0.098,37.01,nine,377.65
0.3,5,0.074,38.16,nine,515.68
0.3,5.5,0.074,38.07,nine,514.46
0.3,6,0.071,38.09,nine,536.48
0.3,6.5,0.073,38.05,nine,521.23
0.3,7,0.071,38.04,nine,535.77
0.3,7.5,0.047,39.25,nine,835.11
0.3,8,0.05,39.06,nine,781.2
0.3,8.5,0.052,39.15,nine,752.88
0.3,9,0.052,39.22,nine,754.23
0.4,0.5,0.14,23.29,nine,166.36
0.4,1,0.114,23.91,nine,209.74
0.4,1.5,0.115,24.01,nine,208.78
0.4,2,0.118,23.87,nine,202.29
0.4,2.5,0.094,24.56,nine,261.28
0.4,3,0.089,24.77,nine,278.31
0.4,3.5,0.094,24.5,nine,260.64
0.4,4,0.088,24.72,nine,280.91
0.4,4.5,0.067,25.46,nine,380
0.4,5,0.067,25.33,nine,378.06
0.4,5.5,0.062,25.47,nine,410.81
0.4,6,0.071,25.39,nine,357.61
0.4,6.5,0.069,25.41,nine,368.26
0.4,7,0.063,25.48,nine,404.44
0.4,7.5,0.063,25.57,nine,405.87
0.4,8,0.067,25.39,nine,378.96
0.4,8.5,0.045,26.16,nine,581.33
0.4,9,0.043,26.22,nine,609.77
0.5,0.5,0.114,17.18,nine,150.7
0.5,1,0.113,17.28,nine,152.92
0.5,1.5,0.088,17.69,nine,201.02
0.5,2,0.087,17.71,nine,203.56
0.5,2.5,0.087,17.7,nine,203.45
0.5,3,0.083,17.81,nine,214.58
0.5,3.5,0.087,17.73,nine,203.79
0.5,4,0.068,18.17,nine,267.21
0.5,4.5,0.063,18.25,nine,289.68
0.5,5,0.063,18.22,nine,289.21
0.5,5.5,0.061,18.38,nine,301.31
0.5,6,0.062,18.25,nine,294.35
0.5,6.5,0.062,18.31,nine,295.32
0.5,7,0.062,18.3,nine,295.16
0.5,7.5,0.06,18.28,nine,304.67
0.5,8,0.061,18.33,nine,300.49
0.5,8.5,0.037,18.82,nine,508.65
0.5,9,0.04,18.76,nine,469
0.6,0.5,0.086,13.17,nine,153.14
0.6,1,0.081,13.26,nine,163.7
0.6,1.5,0.086,13.23,nine,153.84
0.6,2,0.082,13.24,nine,161.46
0.6,2.5,0.083,13.24,nine,159.52
0.6,3,0.059,13.61,nine,230.68
0.6,3.5,0.062,13.57,nine,218.87
0.6,4,0.058,13.62,nine,234.83
0.6,4.5,0.06,13.64,nine,227.33
0.6,5,0.056,13.64,nine,243.57
0.6,5.5,0.055,13.62,nine,247.64
0.6,6,0.058,13.65,nine,235.34
0.6,6.5,0.058,13.62,nine,234.83
0.6,7,0.054,13.7,nine,253.7
0.6,7.5,0.058,13.69,nine,236.03
0.6,8,0.033,14.02,nine,424.85
0.6,8.5,0.037,13.98,nine,377.84
0.6,9,0.034,14.07,nine,413.82
0.7,0.5,0.086,10.06,nine,116.98
0.7,1,0.081,10.11,nine,124.81
0.7,1.5,0.062,10.33,nine,166.61
0.7,2,0.054,10.39,nine,192.41
0.7,2.5,0.056,10.38,nine,185.36
0.7,3,0.057,10.4,nine,182.46
0.7,3.5,0.056,10.36,nine,185
0.7,4,0.057,10.37,nine,181.93
0.7,4.5,0.054,10.39,nine,192.41
0.7,5,0.056,10.39,nine,185.54
0.7,5.5,0.056,10.39,nine,185.54
0.7,6,0.056,10.4,nine,185.71
0.7,6.5,0.055,10.39,nine,188.91
0.7,7,0.03,10.73,nine,357.67
0.7,7.5,0.033,10.7,nine,324.24
0.7,8,0.03,10.72,nine,357.33
0.7,8.5,0.033,10.68,nine,323.64
0.7,9,0.028,10.74,nine,383.57
0.8,0.5,0.055,8.14,nine,148
0.8,1,0.057,8.09,nine,141.93
0.8,1.5,0.056,8.13,nine,145.18
0.8,2,0.055,8.13,nine,147.82
0.8,2.5,0.057,8.12,nine,142.46
0.8,3,0.057,8.12,nine,142.46
0.8,3.5,0.052,8.16,nine,156.92
0.8,4,0.056,8.12,nine,145
0.8,4.5,0.053,8.15,nine,153.77
0.8,5,0.033,8.37,nine,253.64
0.8,5.5,0.028,8.37,nine,298.93
0.8,6,0.028,8.42,nine,300.71
0.8,6.5,0.03,8.38,nine,279.33
0.8,7,0.031,8.36,nine,269.68
0.8,7.5,0.033,8.36,nine,253.33
0.8,8,0.031,8.39,nine,270.65
0.8,8.5,0.032,8.36,nine,261.25
0.8,9,0.03,8.39,nine,279.67
0.9,0.5,0.054,5.06,nine,93.7
0.9,1,0.054,5.05,nine,93.52
0.9,1.5,0.053,5.06,nine,95.47
0.9,2,0.054,5.04,nine,93.33
0.9,2.5,0.028,5.22,nine,186.43
0.9,3,0.032,5.21,nine,162.81
0.9,3.5,0.029,5.23,nine,180.34
0.9,4,0.03,5.21,nine,173.67
0.9,4.5,0.029,5.23,nine,180.34
0.9,5,0.029,5.21,nine,179.66
0.9,5.5,0.032,5.19,nine,162.19
0.9,6,0.026,5.23,nine,201.15
0.9,6.5,0.028,5.24,nine,187.14
0.9,7,0.032,5.2,nine,162.5
0.9,7.5,0.029,5.22,nine,180
0.9,8,0.029,5.23,nine,180.34
0.9,8.5,0.031,5.2,nine,167.74
0.9,9,0.027,5.22,nine,193.33
1,0.5,0.029,1,nine,34.48
1,1,0.027,1,nine,37.04
1,1.5,0.028,1,nine,35.71
1,2,0.025,1,nine,40
1,2.5,0.026,1,nine,38.46
1,3,0.027,1,nine,37.04
1,3.5,0.027,1,nine,37.04
1,4,0.025,1,nine,40
1,4.5,0.025,1,nine,40
1,5,0.028,1,nine,35.71
1,5.5,0.025,1,nine,40
1,6,0.026,1,nine,38.46
1,6.5,0.027,1,nine,37.04
1,7,0.029,1,nine,34.48
1,7.5,0.024,1,nine,41.67
1,8,0.027,1,nine,37.04
1,8.5,0.027,1,nine,37.04
1,9,0.026,1,nine,38.46
0.1,0.5,0.001,722.66,red,722660
0.1,1,0.373,577.86,red,1549.22
0.1,1.5,0.234,1118.13,red,4778.33
0.1,2,0.169,1220.11,red,7219.59
0.1,2.5,0.139,1269.85,red,9135.61
0.1,3,0.116,1292.8,red,11144.83
0.1,3.5,0.088,1350.77,red,15349.66
0.1,4,0.082,1349.6,red,16458.54
0.1,4.5,0.07,1369.86,red,19569.43
0.1,5,0.062,1384.6,red,22332.26
0.1,5.5,0.053,1412.95,red,26659.43
0.1,6,0.046,1414.38,red,30747.39
0.1,6.5,0.041,1429.64,red,34869.27
0.1,7,0.035,1434.43,red,40983.71
0.1,7.5,0.034,1436.84,red,42260
0.1,8,0.031,1432.9,red,46222.58
0.1,8.5,0.032,1438.83,red,44963.44
0.1,9,0.026,1439.45,red,55363.46
0.2,0.5,0.532,199.41,red,374.83
0.2,1,0.374,268.57,red,718.1
0.2,1.5,0.284,310.23,red,1092.36
0.2,2,0.217,341.87,red,1575.44
0.2,2.5,0.184,356.53,red,1937.66
0.2,3,0.158,367.91,red,2328.54
0.2,3.5,0.132,377.35,red,2858.71
0.2,4,0.115,386.57,red,3361.48
0.2,4.5,0.105,393.84,red,3750.86
0.2,5,0.096,399.5,red,4161.46
0.2,5.5,0.086,400.48,red,4656.74
0.2,6,0.08,405.79,red,5072.38
0.2,6.5,0.07,410.94,red,5870.57
0.2,7,0.061,416.6,red,6829.51
0.2,7.5,0.062,414.52,red,6685.81
0.2,8,0.054,418.67,red,7753.15
0.2,8.5,0.051,420.92,red,8253.33
0.2,9,0.048,423.38,red,8820.42
0.3,0.5,0.551,89.48,red,162.4
0.3,1,0.381,124.61,red,327.06
0.3,1.5,0.295,142.47,red,482.95
0.3,2,0.247,154.18,red,624.21
0.3,2.5,0.197,162.68,red,825.79
0.3,3,0.167,169.99,red,1017.9
0.3,3.5,0.147,174.11,red,1184.42
0.3,4,0.123,181.41,red,1474.88
0.3,4.5,0.117,181.24,red,1549.06
0.3,5,0.103,186.15,red,1807.28
0.3,5.5,0.101,185.66,red,1838.22
0.3,6,0.088,187.81,red,2134.2
0.3,6.5,0.078,191.71,red,2457.82
0.3,7,0.078,190.87,red,2447.05
0.3,7.5,0.072,192.92,red,2679.44
0.3,8,0.065,193.45,red,2976.15
0.3,8.5,0.061,194.25,red,3184.43
0.3,9,0.06,193.97,red,3232.83
0.4,0.5,0.506,55.32,red,109.33
0.4,1,0.356,73.24,red,205.73
0.4,1.5,0.302,80.25,red,265.73
0.4,2,0.239,86.93,red,363.72
0.4,2.5,0.202,91.55,red,453.22
0.4,3,0.172,95.63,red,555.99
0.4,3.5,0.158,98,red,620.25
0.4,4,0.137,99.7,red,727.74
0.4,4.5,0.115,103.19,red,897.3
0.4,5,0.107,103.39,red,966.26
0.4,5.5,0.096,105.57,red,1099.69
0.4,6,0.097,105.45,red,1087.11
0.4,6.5,0.091,106.43,red,1169.56
0.4,7,0.081,107.61,red,1328.52
0.4,7.5,0.073,107.58,red,1473.7
0.4,8,0.071,108.91,red,1533.94
0.4,8.5,0.066,110.13,red,1668.64
0.4,9,0.068,108.49,red,1595.44
0.5,0.5,0.615,26.8,red,43.58
0.5,1,0.403,42.4,red,105.21
0.5,1.5,0.291,50.21,red,172.54
0.5,2,0.246,54.35,red,220.93
0.5,2.5,0.199,57.97,red,291.31
0.5,3,0.168,60.35,red,359.23
0.5,3.5,0.163,60.82,red,373.13
0.5,4,0.144,61.73,red,428.68
0.5,4.5,0.124,63.82,red,514.68
0.5,5,0.117,64.24,red,549.06
0.5,5.5,0.104,65.38,red,628.65
0.5,6,0.102,65.39,red,641.08
0.5,6.5,0.092,66.22,red,719.78
0.5,7,0.084,67.2,red,800
0.5,7.5,0.081,66.95,red,826.54
0.5,8,0.073,67.72,red,927.67
0.5,8.5,0.068,68.52,red,1007.65
0.5,9,0.065,68.9,red,1060
0.6,0.5,0.592,18.91,red,31.94
0.6,1,0.357,30.48,red,85.38
0.6,1.5,0.355,30.38,red,85.58
0.6,2,0.213,37.33,red,175.26
0.6,2.5,0.208,37.64,red,180.96
0.6,3,0.213,37.6,red,176.53
0.6,3.5,0.134,41.5,red,309.7
0.6,4,0.12,42.27,red,352.25
0.6,4.5,0.127,41.93,red,330.16
0.6,5,0.122,42.16,red,345.57
0.6,5.5,0.127,42.29,red,332.99
0.6,6,0.091,43.95,red,482.97
0.6,6.5,0.08,44.47,red,555.88
0.6,7,0.076,45.01,red,592.24
0.6,7.5,0.077,44.54,red,578.44
0.6,8,0.077,44.67,red,580.13
0.6,8.5,0.073,44.92,red,615.34
0.6,9,0.076,44.64,red,587.37
0.7,0.5,0.539,14.4,red,26.72
0.7,1,0.33,21.56,red,65.33
0.7,1.5,0.329,21.33,red,64.83
0.7,2,0.196,25.98,red,132.55
0.7,2.5,0.201,25.72,red,127.96
0.7,3,0.184,26.15,red,142.12
0.7,3.5,0.171,26.94,red,157.54
0.7,4,0.118,28.77,red,243.81
0.7,4.5,0.11,29.09,red,264.45
0.7,5,0.115,29.09,red,252.96
0.7,5.5,0.106,29.51,red,278.4
0.7,6,0.104,29.26,red,281.35
0.7,6.5,0.089,29.71,red,333.82
0.7,7,0.088,29.74,red,337.95
0.7,7.5,0.07,30.42,red,434.57
0.7,8,0.062,30.8,red,496.77
0.7,8.5,0.066,30.73,red,465.61
0.7,9,0.064,30.84,red,481.88
0.8,0.5,0.534,9.87,red,18.48
0.8,1,0.318,14.79,red,46.51
0.8,1.5,0.288,15.39,red,53.44
0.8,2,0.268,15.79,red,58.92
0.8,2.5,0.183,17.91,red,97.87
0.8,3,0.148,18.6,red,125.68
0.8,3.5,0.148,18.66,red,126.08
0.8,4,0.148,18.81,red,127.09
0.8,4.5,0.147,18.8,red,127.89
0.8,5,0.092,20.04,red,217.83
0.8,5.5,0.091,20.03,red,220.11
0.8,6,0.081,20.43,red,252.22
0.8,6.5,0.085,20.23,red,238
0.8,7,0.08,20.44,red,255.5
0.8,7.5,0.077,20.19,red,262.21
0.8,8,0.075,20.38,red,271.73
0.8,8.5,0.077,20.5,red,266.23
0.8,9,0.076,20.3,red,267.11
0.9,0.5,0.499,6.81,red,13.65
0.9,1,0.275,10.05,red,36.55
0.9,1.5,0.25,10.34,red,41.36
0.9,2,0.252,10.35,red,41.07
0.9,2.5,0.258,10.3,red,39.92
0.9,3,0.144,12.05,red,83.68
0.9,3.5,0.142,12.07,red,85
0.9,4,0.135,12.14,red,89.93
0.9,4.5,0.13,12.23,red,94.08
0.9,5,0.132,12.19,red,92.35
0.9,5.5,0.126,12.24,red,97.14
0.9,6,0.075,13.04,red,173.87
0.9,6.5,0.072,13.09,red,181.81
0.9,7,0.075,13.03,red,173.73
0.9,7.5,0.073,13.11,red,179.59
0.9,8,0.068,13.24,red,194.71
0.9,8.5,0.067,13.17,red,196.57
0.9,9,0.067,13.17,red,196.57
1,0.5,0.486,1,red,2.06
1,1,0.49,1,red,2.04
1,1.5,0.238,1.48,red,6.22
1,2,0.229,1.48,red,6.46
1,2.5,0.238,1.48,red,6.22
1,3,0.245,1.49,red,6.08
1,3.5,0.121,1.73,red,14.3
1,4,0.112,1.73,red,15.45
1,4.5,0.118,1.72,red,14.58
1,5,0.117,1.73,red,14.79
1,5.5,0.12,1.73,red,14.42
1,6,0.113,1.71,red,15.13
1,6.5,0.116,1.73,red,14.91
1,7,0.117,1.73,red,14.79
1,7.5,0.058,1.85,red,31.9
1,8,0.06,1.85,red,30.83
1,8.5,0.059,1.85,red,31.36
1,9,0.055,1.83,red,33.27
0.1,0.5,0.497,461.09,mixed,927.7464789
0.1,1,0.354,596.13,mixed,1683.983051
0.1,1.5,0.269,676.74,mixed,2515.762082
0.1,2,0.225,715.2,mixed,3178.666667
0.1,2.5,0.187,757.42,mixed,4050.374332
0.1,3,0.158,782.25,mixed,4950.949367
0.1,3.5,0.178,344.8,mixed,1937.078652
0.1,4,0.15,355.25,mixed,2368.333333
0.1,4.5,0.13,363.33,mixed,2794.846154
0.1,5,0.122,371.12,mixed,3041.967213
0.1,5.5,0.109,366.83,mixed,3365.412844
0.1,6,0.102,372.57,mixed,3652.647059
0.1,6.5,0.092,371.7,mixed,4040.217391
0.1,7,0.087,359.85,mixed,4136.206897
0.1,7.5,0.082,364.58,mixed,4446.097561
0.1,8,0.074,358.69,mixed,4847.162162
0.1,8.5,0.074,362.5,mixed,4898.648649
0.1,9,0.069,346.36,mixed,5019.710145
0.2,0.5,0.465,140.59,mixed,302.344086
0.2,1,0.334,174.44,mixed,522.2754491
0.2,1.5,0.265,195.2,mixed,736.6037736
0.2,2,0.217,211.22,mixed,973.3640553
0.2,2.5,0.191,217.16,mixed,1136.963351
0.2,3,0.178,80.5,mixed,452.247191
0.2,3.5,0.165,80.38,mixed,487.1515152
0.2,4,0.16,84.05,mixed,525.3125
0.2,4.5,0.138,84.6,mixed,613.0434783
0.2,5,0.129,86.44,mixed,670.0775194
0.2,5.5,0.126,89.41,mixed,709.6031746
0.2,6,0.111,87.79,mixed,790.9009009
0.2,6.5,0.11,90.78,mixed,825.2727273
0.2,7,0.1,92.25,mixed,922.5
0.2,7.5,0.094,90.61,mixed,963.9361702
0.2,8,0.083,90.97,mixed,1096.024096
0.2,8.5,0.084,92.28,mixed,1098.571429
0.2,9,0.081,93.01,mixed,1148.271605
0.3,0.5,0.391,76.12,mixed,194.6803069
0.3,1,0.304,86.56,mixed,284.7368421
0.3,1.5,0.233,95.64,mixed,410.472103
0.3,2,0.203,99.69,mixed,491.0837438
0.3,2.5,0.149,40.5,mixed,271.8120805
0.3,3,0.136,42.36,mixed,311.4705882
0.3,3.5,0.137,42.91,mixed,313.2116788
0.3,4,0.128,41.62,mixed,325.15625
0.3,4.5,0.125,42.45,mixed,339.6
0.3,5,0.113,43.45,mixed,384.5132743
0.3,5.5,0.108,43.9,mixed,406.4814815
0.3,6,0.105,42.8,mixed,407.6190476
0.3,6.5,0.101,43.47,mixed,430.3960396
0.3,7,0.098,43.47,mixed,443.5714286
0.3,7.5,0.087,45.09,mixed,518.2758621
0.3,8,0.088,45.17,mixed,513.2954545
0.3,8.5,0.082,46.01,mixed,561.097561
0.3,9,0.086,43.35,mixed,504.0697674
0.4,0.5,0.349,46.56,mixed,133.4097421
0.4,1,0.252,53.77,mixed,213.3730159
0.4,1.5,0.212,56.51,mixed,266.5566038
0.4,2,0.142,25.64,mixed,180.5633803
0.4,2.5,0.116,25.93,mixed,223.5344828
0.4,3,0.119,26.01,mixed,218.5714286
0.4,3.5,0.117,26.31,mixed,224.8717949
0.4,4,0.109,26.51,mixed,243.2110092
0.4,4.5,0.101,27.4,mixed,271.2871287
0.4,5,0.096,26.83,mixed,279.4791667
0.4,5.5,0.089,27.56,mixed,309.6629213
0.4,6,0.094,27.16,mixed,288.9361702
0.4,6.5,0.087,27.4,mixed,314.9425287
0.4,7,0.083,27.52,mixed,331.5662651
0.4,7.5,0.08,28.1,mixed,351.25
0.4,8,0.085,27.67,mixed,325.5294118
0.4,8.5,0.07,28.39,mixed,405.5714286
0.4,9,0.07,27.93,mixed,399
0.5,0.5,0.254,33.92,mixed,133.5433071
0.5,1,0.239,34.23,mixed,143.2217573
0.5,1.5,0.11,18.61,mixed,169.1818182
0.5,2,0.111,18.22,mixed,164.1441441
0.5,2.5,0.099,18.37,mixed,185.5555556
0.5,3,0.104,18.42,mixed,177.1153846
0.5,3.5,0.101,18.38,mixed,181.980198
0.5,4,0.086,19.17,mixed,222.9069767
0.5,4.5,0.084,19.2,mixed,228.5714286
0.5,5,0.085,18.76,mixed,220.7058824
0.5,5.5,0.087,18.92,mixed,217.4712644
0.5,6,0.074,19.18,mixed,259.1891892
0.5,6.5,0.069,19.05,mixed,276.0869565
0.5,7,0.079,18.95,mixed,239.8734177
0.5,7.5,0.077,18.98,mixed,246.4935065
0.5,8,0.078,18.93,mixed,242.6923077
0.5,8.5,0.06,19.96,mixed,332.6666667
0.5,9,0.057,19.83,mixed,347.8947368
0.6,0.5,0.217,24.02,mixed,110.6912442
0.6,1,0.098,13.59,mixed,138.6734694
0.6,1.5,0.092,13.67,mixed,148.5869565
0.6,2,0.094,13.33,mixed,141.8085106
0.6,2.5,0.085,13.58,mixed,159.7647059
0.6,3,0.077,13.94,mixed,181.038961
0.6,3.5,0.078,13.99,mixed,179.3589744
0.6,4,0.075,13.96,mixed,186.1333333
0.6,4.5,0.071,14.11,mixed,198.7323944
0.6,5,0.073,14.15,mixed,193.8356164
0.6,5.5,0.066,14.17,mixed,214.6969697
0.6,6,0.065,14.32,mixed,220.3076923
0.6,6.5,0.066,13.86,mixed,210
0.6,7,0.068,13.93,mixed,204.8529412
0.6,7.5,0.062,14.01,mixed,225.9677419
0.6,8,0.054,14.4,mixed,266.6666667
0.6,8.5,0.053,14.38,mixed,271.3207547
0.6,9,0.054,14.34,mixed,265.5555556
0.7,0.5,0.09,10.15,mixed,112.7777778
0.7,1,0.087,10.25,mixed,117.816092
0.7,1.5,0.076,10.49,mixed,138.0263158
0.7,2,0.071,10.6,mixed,149.2957746
0.7,2.5,0.068,10.47,mixed,153.9705882
0.7,3,0.066,10.46,mixed,158.4848485
0.7,3.5,0.062,10.45,mixed,168.5483871
0.7,4,0.062,10.49,mixed,169.1935484
0.7,4.5,0.065,10.44,mixed,160.6153846
0.7,5,0.063,10.54,mixed,167.3015873
0.7,5.5,0.057,10.59,mixed,185.7894737
0.7,6,0.056,10.59,mixed,189.1071429
0.7,6.5,0.062,10.6,mixed,170.9677419
0.7,7,0.047,10.94,mixed,232.7659574
0.7,7.5,0.048,10.88,mixed,226.6666667
0.7,8,0.049,10.9,mixed,222.4489796
0.7,8.5,0.046,10.94,mixed,237.826087
0.7,9,0.047,10.9,mixed,231.9148936
0.8,0.5,0.069,8.15,mixed,118.115942
0.8,1,0.062,8.2,mixed,132.2580645
0.8,1.5,0.07,8.11,mixed,115.8571429
0.8,2,0.059,8.22,mixed,139.3220339
0.8,2.5,0.062,8.23,mixed,132.7419355
0.8,3,0.06,8.29,mixed,138.1666667
0.8,3.5,0.056,8.27,mixed,147.6785714
0.8,4,0.058,8.29,mixed,142.9310345
0.8,4.5,0.061,8.25,mixed,135.2459016
0.8,5,0.044,8.41,mixed,191.1363636
0.8,5.5,0.041,8.44,mixed,205.8536585
0.8,6,0.041,8.41,mixed,205.1219512
0.8,6.5,0.041,8.48,mixed,206.8292683
0.8,7,0.04,8.44,mixed,211
0.8,7.5,0.038,8.44,mixed,222.1052632
0.8,8,0.038,8.47,mixed,222.8947368
0.8,8.5,0.037,8.47,mixed,228.9189189
0.8,9,0.037,8.4,mixed,227.027027
0.9,0.5,0.06,5.12,mixed,85.33333333
0.9,1,0.057,5.05,mixed,88.59649123
0.9,1.5,0.049,5.07,mixed,103.4693878
0.9,2,0.051,5.08,mixed,99.60784314
0.9,2.5,0.039,5.28,mixed,135.3846154
0.9,3,0.041,5.25,mixed,128.0487805
0.9,3.5,0.043,5.26,mixed,122.3255814
0.9,4,0.041,5.23,mixed,127.5609756
0.9,4.5,0.035,5.26,mixed,150.2857143
0.9,5,0.037,5.24,mixed,141.6216216
0.9,5.5,0.035,5.25,mixed,150
0.9,6,0.038,5.26,mixed,138.4210526
0.9,6.5,0.038,5.24,mixed,137.8947368
0.9,7,0.037,5.26,mixed,142.1621622
0.9,7.5,0.035,5.26,mixed,150.2857143
0.9,8,0.035,5.27,mixed,150.5714286
0.9,8.5,0.036,5.29,mixed,146.9444444
0.9,9,0.03,5.33,mixed,177.6666667
1,0.5,0.027,1,mixed,37.03703704
1,1,0.027,1,mixed,37.03703704
1,1.5,0.029,1,mixed,34.48275862
1,2,0.028,1,mixed,35.71428571
1,2.5,0.029,1,mixed,34.48275862
1,3,0.027,1,mixed,37.03703704
1,3.5,0.026,1,mixed,38.46153846
1,4,0.027,1,mixed,37.03703704
1,4.5,0.03,1,mixed,33.33333333
1,5,0.03,1,mixed,33.33333333
1,5.5,0.026,1,mixed,38.46153846
1,6,0.027,1,mixed,37.03703704
1,6.5,0.028,1,mixed,35.71428571
1,7,0.027,1,mixed,37.03703704
1,7.5,0.029,1,mixed,34.48275862
1,8,0.026,1,mixed,38.46153846
1,8.5,0.026,1,mixed,38.46153846
1,9,0.028,1,mixed,35.71428571